"qos","A0","Ap"
0,7.88389939735992,4.06934993961001
1,5.09733003882812,4.02643743382979
2,-9.95881429111919,4.44491634632646
